{"name":"ed42e9fb-8421-491f-bb58-4ebc93f470ea","id":"/providers/Microsoft.Flow/flows/ed42e9fb-8421-491f-bb58-4ebc93f470ea","type":"Microsoft.Flow/flows","properties":{"apiId":"/providers/Microsoft.PowerApps/apis/shared_logicflows","displayName":"Postcode Lookup data --> SharePoint Update","definition":{"metadata":{"workflowEntityId":null,"processAdvisorMetadata":null,"flowChargedByPaygo":null,"flowclientsuspensionreason":"None","flowclientsuspensiontime":null,"flowclientsuspensionreasondetails":null,"creator":{"id":"7b052ae8-c82d-4a3f-aac3-0d5928fea320","type":"User","tenantId":"946bdb38-1c00-4d41-932b-b4ac2ceecc2c"},"provisioningMethod":"FromDefinition","failureAlertSubscription":true,"clientLastModifiedTime":"2025-06-02T00:56:39.1090087Z","connectionKeySavedTimeKey":"2025-06-02T00:56:39.1090087Z","creationSource":"Portal","modifiedSources":"Portal"},"$schema":"https://schema.management.azure.com/providers/Microsoft.Logic/schemas/2016-06-01/workflowdefinition.json#","contentVersion":"1.0.0.0","parameters":{"$connections":{"defaultValue":{},"type":"Object"},"$authentication":{"defaultValue":{},"type":"SecureObject"}},"triggers":{"manual":{"metadata":{"operationMetadataId":"1c6b5232-a8b6-4e1a-b169-91362de9a6d1"},"type":"Request","kind":"Http","inputs":{"schema":{"type":"object","properties":{"sharepoint_item_id":{"type":"integer"},"recipient_email":{"type":"string"},"response":{"type":"object","properties":{"status":{"type":"integer"},"result":{"type":"object","properties":{"postcode":{"type":"string"},"quality":{"type":"integer"},"eastings":{"type":"integer"},"northings":{"type":"integer"},"country":{"type":"string"},"nhs_ha":{"type":"string"},"longitude":{"type":"number"},"latitude":{"type":"number"},"european_electoral_region":{"type":"string"},"primary_care_trust":{"type":"string"},"region":{"type":"string"},"lsoa":{"type":"string"},"msoa":{"type":"string"},"incode":{"type":"string"},"outcode":{"type":"string"},"parliamentary_constituency":{"type":"string"},"parliamentary_constituency_2024":{"type":"string"},"admin_district":{"type":"string"},"parish":{"type":"string"},"admin_county":{},"date_of_introduction":{"type":"string"},"admin_ward":{"type":"string"},"ced":{},"ccg":{"type":"string"},"nuts":{"type":"string"},"pfa":{"type":"string"},"codes":{"type":"object","properties":{"admin_district":{"type":"string"},"admin_county":{"type":"string"},"admin_ward":{"type":"string"},"parish":{"type":"string"},"parliamentary_constituency":{"type":"string"},"parliamentary_constituency_2024":{"type":"string"},"ccg":{"type":"string"},"ccg_id":{"type":"string"},"ced":{"type":"string"},"nuts":{"type":"string"},"lsoa":{"type":"string"},"msoa":{"type":"string"},"lau2":{"type":"string"},"pfa":{"type":"string"}}}}}}},"status":{"type":"string"}}},"method":"POST","triggerAuthenticationType":"All"}}},"actions":{"Response":{"runAfter":{"Update_item":["Succeeded"]},"metadata":{"operationMetadataId":"f4ae2f20-bb49-42f2-9dad-791462261510"},"type":"Response","kind":"Http","inputs":{"statusCode":200,"body":{"sharepoint_item_id":"@triggerBody()?['sharepoint_item_id']","function":"@outputs('Update_item')?['body/Function']","parameters":"@outputs('Update_item')?['body/Parameters']","created":"@outputs('Update_item')?['body/Created']","completed":"@convertTimeZone(utcNow(), 'UTC', 'GMT Standard Time')","status":"completed","failure_reason":"@null"}}},"Update_item":{"runAfter":{},"metadata":{"operationMetadataId":"1d70f77c-876f-4747-b5bd-9b9395ee147f"},"type":"OpenApiConnection","inputs":{"host":{"apiId":"/providers/Microsoft.PowerApps/apis/shared_sharepointonline","connectionName":"shared_sharepointonline","operationId":"PatchItem"},"parameters":{"dataset":"https://belated.sharepoint.com","table":"d60926e8-4fad-479a-97bf-91469301a19c","id":"@triggerBody()?['sharepoint_item_id']","item/Completed":"@convertTimeZone(utcNow(), 'UTC', 'GMT Standard Time')","item/Response":"@triggerBody()?['response']"},"authentication":"@parameters('$authentication')"}}},"outputs":{}},"connectionReferences":{"shared_sharepointonline":{"connectionName":"shared-sharepointonl-f931f1a9-e5d3-4b0c-8b11-04c2a646990b","source":"Embedded","id":"/providers/Microsoft.PowerApps/apis/shared_sharepointonline","tier":"NotSpecified","apiName":"sharepointonline","isProcessSimpleApiReferenceConversionAlreadyDone":false}},"flowFailureAlertSubscribed":false,"isManaged":false}}