{"schemaVersion":"1.0","appDefinitionTemplate":{"id":"/providers/Microsoft.PowerApps/apps/","type":"Microsoft.PowerApps/apps","tags":{"primaryDeviceWidth":"1366","primaryDeviceHeight":"768","supportsPortrait":"true","supportsLandscape":"true","primaryFormFactor":"Tablet","showStatusBar":"false","publisherVersion":"3.25053.6","minimumRequiredApiVersion":"2.2.0","hasComponent":"false","hasUnlockedComponent":"false","isUnifiedRootApp":"false","sienaVersion":"20250602T210648Z-3.25053.6.0"},"properties":{"appVersion":"2025-06-02T21:06:48Z","lifeCycleId":"Published","createdByClientVersion":{"major":3,"minor":25053,"build":6,"revision":0,"majorRevision":0,"minorRevision":0},"minClientVersion":{"major":3,"minor":25053,"build":6,"revision":0,"majorRevision":0,"minorRevision":0},"backgroundColor":"RGBA(0,176,240,1)","backgroundImageUri":"/12354079020386425718/Ndcf5b700-1f97-49ea-b08b-45f374ceef26-logoSmallFile","displayName":"Requests","commitMessage":"","appUris":{"documentUri":{"value":"/12354079020386425718/N96f346bf-5307-4db6-a02e-ab1b23216d97-document.msapp"},"imageUris":[],"additionalUris":[{"isSolutionAware":false,"value":"/12354079020386425718/N4ec49b43-94dd-4782-a436-e1f56f9041cb-identity.json"}]},"createdTime":"0001-01-01T00:00:00Z","lastModifiedTime":"0001-01-01T00:00:00Z","sharedGroupsCount":0,"sharedUsersCount":0,"connectionReferences":{"5ccf4ad1-b6df-4114-9c41-567ac33f23e5":{"id":"fbd0cb14-364c-40fb-84e9-fd79c3968ab6","displayName":"SharePoint","iconUri":"https://conn-afd-prod-endpoint-bmc9bqahasf3grgk.b01.azurefd.net/releases/v1.0.1746/1.0.1746.4174/sharepointonline/icon.png","dataSources":["Requests"],"dependencies":[],"dependents":[],"parameterHints":{},"parameterHintsV2":{},"isOnPremiseConnection":false,"bypassConsent":false,"dataSets":{"https://belated.sharepoint.com":{"dataSources":{"Requests":{"tableName":"d60926e8-4fad-479a-97bf-91469301a19c"}}}},"apiTier":"Standard","isCustomApiConnection":false,"actions":["providers/PowerPlatform.Governance/Operations/Read","providers/PowerPlatform.Governance/Operations/Write"]},"5951dede-e653-4220-82a7-62adf11cb0cb":{"id":"a2dd4f48-ff89-4bcc-a3ba-8eb4fbec39d0","displayName":"Excel Online (Business)","iconUri":"https://conn-afd-prod-endpoint-bmc9bqahasf3grgk.b01.azurefd.net/releases/v1.0.1718/1.0.1718.3946/excelonlinebusiness/icon.png","dataSources":["request_log"],"dependencies":[],"dependents":[],"parameterHints":{},"parameterHintsV2":{},"isOnPremiseConnection":false,"bypassConsent":false,"dataSets":{"me,b%2521rgJqqWtWPkKkXOzS6DXMrz4ZGUahV6FOheXyaUQJJzNj85VbYRVDQrBwjFjacHo1,012PDK2AFXTWTQFB3MWZHZ2ATUL4GVZGS5":{"dataSources":{"request_log":{"tableName":"{AD1931F9-5B9A-42AD-B7CA-EA917D5324A1}"}}}},"apiTier":"Standard","isCustomApiConnection":false,"actions":["providers/PowerPlatform.Governance/Operations/Read","providers/PowerPlatform.Governance/Operations/Write"]}},"databaseReferences":{},"almMode":"Environment","performanceOptimizationEnabled":true,"canConsumeAppPass":true,"enableModernRuntimeMode":false,"executionRestrictions":{"isTeamsOnly":false,"dataLossPreventionEvaluationResult":{"status":"Compliant","lastEvaluationDate":"2025-05-19T04:16:30.6350504Z","violations":[],"violationsByPolicy":[],"violationErrorMessage":"The app uses the following connectors: shared_sharepointonline."}}},"isAppComponentLibrary":false,"appType":"ClassicCanvasApp","appComponents":[]}}